build,iteration,early_ns,late_ns,noise_ns
debug,0,10865771,10801890,2506435
debug,1,10520358,10661799,1908395
debug,2,10506172,10785344,2440470
debug,3,10647686,10787207,2483435
debug,4,10657685,10857388,2194965
debug,5,10717640,10806813,1967740
debug,6,10662844,11020411,2519905
debug,7,11086625,11151952,2822200
debug,8,11288731,11425724,3987595
debug,9,10744990,11187720,1769870
debug,10,10813746,11148844,2037450
debug,11,11043782,11290341,2005705
debug,12,11375775,11481889,2475765
debug,13,10900167,10868931,1817215
debug,14,11096920,11310069,2609640
debug,15,11120830,11708066,2907755
debug,16,11401392,12060347,3202800
debug,17,11167518,11849780,3332410
debug,18,11024874,11356227,3061855
debug,19,11095407,11330654,2791725
debug,20,10705929,11101169,2404645
debug,21,11548644,11548369,3074220
debug,22,11206788,11721387,2267540
debug,23,10772339,10751694,2687295
debug,24,10389039,10610716,1945810
debug,25,10837690,11069191,2059735
debug,26,10576140,10560722,2282310
debug,27,10609334,10611986,1888955
debug,28,10321333,10605458,2134345
debug,29,10640502,10903808,2190730
debug,30,10462368,10899511,2427260
debug,31,10557008,10724497,2225820
debug,32,10442840,10709284,2329365
debug,33,10547492,10802231,2267190
debug,34,10034526,10258585,2480280
debug,35,10065615,10783427,2554845
debug,36,10282906,10377569,1499770
debug,37,11417812,12497988,8493390
debug,38,13286628,11880179,12391935
debug,39,10643931,11046134,3660260
debug,40,10542805,11055087,4506465
debug,41,11079201,11033069,3467075
debug,42,10678746,10903936,2131745
debug,43,10580092,10723470,2016375
debug,44,10416130,10576308,2265135
debug,45,10408433,10555172,1866720
debug,46,10739597,10647738,2380770
debug,47,10712416,10692751,1942075
debug,48,10863896,10851794,2977845
debug,49,10246880,10610121,1779415
debug,50,10285709,10806570,2340580
debug,51,10722993,10715766,2099770
debug,52,10446730,10524948,1810780
debug,53,10321766,10616379,2104220
debug,54,10619033,10680199,2518665
debug,55,10405467,10744490,1690745
debug,56,10520497,10692183,2317440
debug,57,10452661,10757849,2454865
debug,58,10516259,10746149,2024790
debug,59,10785100,11535228,4383965
debug,60,11376265,11184242,2886300
debug,61,10219680,10685315,2712475
debug,62,14423926,19215003,35100445
debug,63,10220961,10426210,2031145
debug,64,10317289,10547115,1753435
debug,65,10515777,10675079,1861140
debug,66,10418619,10773615,1828250
debug,67,10541677,10613800,1442270
debug,68,10349737,11230292,2377355
debug,69,10396467,10480607,1258945
debug,70,10402943,10749009,2033305
debug,71,10637366,10737410,1915575
debug,72,10474846,10714283,1715875
debug,73,10381469,10696776,1583070
debug,74,10757275,10938189,2237365
debug,75,10737764,10633160,1491600
debug,76,10413555,10767354,1548865
debug,77,10799093,10675266,1336960
debug,78,10365286,10603466,1886435
debug,79,10556615,10845663,1736720
debug,80,10704184,10706906,1400165
debug,81,10406812,10657672,1691800
debug,82,10403446,10571923,1741345
debug,83,10313127,10649358,1817650
debug,84,10392438,10880999,1911900
debug,85,10187510,10558566,1600505
debug,86,10562148,10724247,1879020
debug,87,10354305,10771933,1910640
debug,88,10329749,10693197,1441660
debug,89,10484105,10634295,1720375
debug,90,10682497,11015523,2345825
debug,91,10342464,10765576,1448235
debug,92,10645701,10732625,2814050
debug,93,10584811,10848364,1733245
debug,94,10693548,10759832,1888870
debug,95,10501137,10638041,1338345
debug,96,10358418,10787144,1508895
debug,97,10641202,11029807,2905825
debug,98,10991844,11057590,5304665
debug,99,10909886,11427275,2723820
debug,100,10409353,10536863,1570190
debug,101,10101280,10435347,1578840
debug,102,10298479,10684272,1880410
debug,103,10708987,10588170,1777430
debug,104,10205990,10379648,1561990
debug,105,10446182,10680213,1519500
debug,106,10600699,10958463,2217870
debug,107,10782319,11461095,2669070
debug,108,10528131,10631854,2166135
debug,109,10249092,10529968,2016495
debug,110,10433306,10803598,1858790
debug,111,10597534,10673880,2181425
debug,112,10533661,10754441,1643195
debug,113,10362064,10767687,2008200
debug,114,10450182,10502554,2353895
debug,115,10399531,10746195,1754520
debug,116,10133159,10392068,1519705
debug,117,10434051,10588903,1704525
debug,118,10397978,10511022,1386100
debug,119,10570095,10713614,1720015
debug,120,10320776,10613733,1641405
debug,121,10478145,10555297,1623990
debug,122,10374947,10708340,1622285
debug,123,10637371,10627587,1807435
debug,124,10400178,10613330,1522825
debug,125,10255042,10322776,1515820
debug,126,10305781,10697274,1917730
debug,127,10280768,10644400,1776455
debug,128,10066189,10420210,1803270
debug,129,10080260,10446019,1517505
debug,130,9673261,9679114,1807185
debug,131,9678651,9898246,1630745
debug,132,9956803,10196081,1712145
debug,133,10826437,11104990,2405725
debug,134,10027387,10269349,2009350
debug,135,9668532,9822363,1335655
debug,136,10304064,10521957,1946575
debug,137,10345000,10726644,1730660
debug,138,10262772,10480389,1670290
debug,139,10654810,10824315,1816950
debug,140,10443668,10573007,1450860
debug,141,10462245,10625515,1636935
debug,142,10386319,10647194,2023885
debug,143,10493449,10586049,2091960
debug,144,10530345,10705192,1642290
debug,145,10469267,10683588,1571080
debug,146,10353989,10352471,1413710
debug,147,10050678,10296842,1340510
debug,148,9334332,9585617,1052720
debug,149,9457871,9639160,1287210
debug,150,9433624,9515689,1067160
debug,151,9314020,9518865,1192425
debug,152,9374708,9704894,1387305
debug,153,9380746,9556258,1235785
debug,154,10396436,10917517,2876880
debug,155,10120609,10297820,1410085
debug,156,10188905,10340725,1301790
debug,157,9982532,10303923,1471515
debug,158,9415619,9670999,1214570
debug,159,9302250,9587972,1202460
debug,160,9545341,9700051,1508490
debug,161,9373708,9521594,1118630
debug,162,9377864,9635575,1041050
debug,163,9301938,9837822,1114010
debug,164,9361502,9553360,1074190
debug,165,9312564,9476218,755450
debug,166,9314087,9570250,1042790
debug,167,9377785,9601698,1072960
debug,168,9420693,9488866,1492155
debug,169,9396685,9757882,1324250
debug,170,9393330,9522572,1338475
debug,171,9496376,9684405,1128325
debug,172,9314168,9478328,1280095
debug,173,9457832,9664779,1187715
debug,174,9293769,9602108,986155
debug,175,9304894,9587517,1350295
debug,176,9364941,9578554,1038195
debug,177,9427662,9559763,887070
debug,178,9392083,9565402,956675
debug,179,9343539,9599500,1094470
debug,180,9354318,9590949,1206820
debug,181,9375680,9529655,1220840
debug,182,9331810,9621894,1095655
debug,183,9359450,9626664,1388245
debug,184,9484805,9472670,950980
debug,185,9311045,9745511,1114105
debug,186,9399865,9569466,1117995
debug,187,9368068,9513217,1024235
debug,188,9317500,9613279,1228935
debug,189,9443791,9544083,804625
debug,190,9450666,9648633,1405045
debug,191,9327810,9455233,1306255
debug,192,9336804,9606590,977590
debug,193,9415868,9660867,1048020
debug,194,9452861,9536481,998165
debug,195,9524399,9819566,1921990
debug,196,9889788,10315272,1436430
debug,197,9385982,9600428,1306340
debug,198,9292171,9585970,1160230
debug,199,9452050,9505627,1060940
release,0,1636485,1622794,299820
release,1,1646050,1604412,266695
release,2,1639571,1626206,576375
release,3,1647265,1673194,626045
release,4,1650454,1604615,495990
release,5,1698259,1724377,755580
release,6,1687014,1667540,559295
release,7,1779052,1728349,493120
release,8,1708328,1713448,581195
release,9,1648313,1629035,497580
release,10,1639217,1642144,442355
release,11,1647427,1612993,390960
release,12,1688616,1695169,415090
release,13,1665692,1665198,480440
release,14,1674267,1618480,408625
release,15,1635543,1630009,330915
release,16,1653294,1607851,275040
release,17,1650136,1634225,397205
release,18,1655668,1610958,596510
release,19,1807168,1721936,589890
release,20,1742161,1716754,580995
release,21,1678937,1622698,357760
release,22,1648546,1621173,458085
release,23,1641415,1620377,301895
release,24,1647713,1622676,293755
release,25,1663061,1647232,408405
release,26,1683823,1683498,618225
release,27,1633088,1613295,308180
release,28,1751036,1664615,619895
release,29,1649336,1676316,365335
release,30,1640967,1657617,407420
release,31,1651241,1629803,343555
release,32,1639289,1606509,269150
release,33,1754310,1767230,633365
release,34,1662409,1657009,491795
release,35,1665358,1619664,342935
release,36,1647328,1604063,334700
release,37,1668392,1722849,721945
release,38,1684142,1672762,666725
release,39,1645480,1674828,374030
release,40,1652458,1655818,460125
release,41,1657377,1609408,486135
release,42,1660666,1651737,734465
release,43,1654384,1608327,354675
release,44,1638684,1631603,318610
release,45,1636935,1610869,439525
release,46,1653950,1633731,385385
release,47,1784682,1670097,554125
release,48,1711812,1674064,579460
release,49,1630017,1607994,373450
release,50,1646130,1608728,237695
release,51,1644688,1610881,312045
release,52,1657207,1610221,360035
release,53,1646426,1619913,310060
release,54,1651619,1630313,335720
release,55,1643805,1624764,286460
release,56,1649346,1611168,314430
release,57,1651485,1633290,373360
release,58,1644305,1635869,312230
release,59,1644036,1638755,436725
release,60,1659019,1610332,322375
release,61,1708018,1722147,496600
release,62,1646982,1664195,518880
release,63,1645320,1627068,355855
release,64,1650162,1610791,379905
release,65,1667316,1625619,327700
release,66,1654825,1627624,313450
release,67,1647198,1608088,392650
release,68,1644607,1662125,522305
release,69,1631611,1603027,272985
release,70,1675966,1631857,374200
release,71,1674333,1644056,365030
release,72,1691999,1634812,691780
release,73,1688604,1616554,272270
release,74,1688405,1624075,321070
release,75,1670530,1673179,538985
release,76,1659299,1717853,515185
release,77,1707063,1705254,626675
release,78,1655445,1690640,488995
release,79,1666345,1622210,337310
release,80,1662950,1622289,305015
release,81,1631498,1637823,394470
release,82,1661622,1629718,504895
release,83,1650705,1619485,421110
release,84,1648408,1618836,309480
release,85,1655510,1633682,356095
release,86,1658928,1626602,717060
release,87,1668445,1617972,339745
release,88,1672283,1605366,223675
release,89,1654959,1636880,649995
release,90,1670232,1658865,355095
release,91,1642170,1627894,320755
release,92,1640996,1605819,282145
release,93,1652311,1607712,414440
release,94,1667460,1634896,550515
release,95,1670344,1631598,372320
release,96,1650110,1605281,276290
release,97,1652442,1617247,470455
release,98,1667847,1621052,484240
release,99,1638635,1598046,227685
release,100,1657298,1623882,391285
release,101,1646976,1605621,262020
release,102,1695184,1629514,616420
release,103,1736228,1708604,512330
release,104,1647309,1614738,264345
release,105,1641870,1638842,337440
release,106,1642977,1596790,245705
release,107,1627810,1608605,276345
release,108,1636983,1610732,330055
release,109,1659175,1621705,444375
release,110,1645966,1611017,314585
release,111,1636034,1622055,454445
release,112,1638497,1606575,239155
release,113,1657602,1633461,397345
release,114,1643027,1613880,256515
release,115,1632963,1610912,385070
release,116,1648681,1620249,314905
release,117,1651685,1616887,394160
release,118,1646054,1607345,266400
release,119,1637959,1609709,301255
release,120,1648099,1632164,462430
release,121,1646601,1605011,360900
release,122,1630432,1616217,311475
release,123,1642916,1609514,362720
release,124,1654560,1634764,502880
release,125,1659613,1617263,280135
release,126,1646161,1614860,302745
release,127,1667080,1623827,488730
release,128,1633580,1639010,305340
release,129,1637922,1621013,273835
release,130,1664628,1630527,311285
release,131,1647045,1617739,416650
release,132,1647485,1621264,278310
release,133,1628608,1600021,282630
release,134,1662559,1608998,324410
release,135,1696177,1617597,351830
release,136,1642722,1606803,383880
release,137,1637151,1610697,363555
release,138,1698791,1641313,383675
release,139,1645875,1599225,206700
release,140,1641152,1607329,417680
release,141,1641080,1628963,453495
release,142,1657343,1615007,320730
release,143,1639736,1613991,227015
release,144,1634651,1615093,253605
release,145,1640272,1610070,350865
release,146,1661672,1638240,395270
release,147,1645873,1621843,314360
release,148,1644062,1675592,329965
release,149,1649102,1635663,416575
release,150,1639941,1603140,262035
release,151,1646010,1663180,495615
release,152,1650623,1614269,282525
release,153,1662002,1637913,560255
release,154,1725139,1711494,596490
release,155,1661344,1600651,333285
release,156,1639835,1597030,264565
release,157,1658898,1620711,659505
release,158,1672612,1611640,357590
release,159,1660775,1614403,374950
release,160,1653344,1636126,760265
release,161,1652267,1631084,606930
release,162,1661402,1625575,235880
release,163,1650342,1615604,312695
release,164,1638916,1618356,263540
release,165,1656441,1623750,474095
release,166,1680695,1651697,259645
release,167,1710407,1671046,602525
release,168,1644405,1618307,410470
release,169,1639083,1656303,328715
release,170,1677871,1621835,369445
release,171,1705366,1654552,461140
release,172,1631750,1621370,260060
release,173,1650346,1610200,299815
release,174,1559903,1576456,486275
release,175,1569740,1533251,362005
release,176,1545432,1513054,396690
release,177,1569927,1517259,375415
release,178,1554196,1546106,525920
release,179,1549641,1518985,394745
release,180,1549149,1516991,426495
release,181,1684693,1648967,761460
release,182,1643101,1664760,476845
release,183,1663438,1639089,409805
release,184,1652498,1633358,408090
release,185,1639898,1609863,291710
release,186,1640301,1627828,335270
release,187,1655911,1601360,412575
release,188,1825012,1770685,614010
release,189,1765224,1752750,635560
release,190,1772142,1731382,531270
release,191,1814219,1791140,600575
release,192,1638888,1612478,293150
release,193,1632038,1623209,431585
release,194,1636386,1625979,354415
release,195,1662204,1618688,305810
release,196,1667322,1613492,302275
release,197,1637759,1617770,293590
release,198,1656825,1621249,307805
release,199,1647197,1616985,377645
